{
  "assetsByChunkName": {
    "vendors~app-account~app-confirmation~app-order": "chunk.b5d474bd36f4711742d0.js",
    "vendors~app-account~app-checkout": "chunk.fe270456e06b09c6188b.js",
    "vendors~app-cart~app-checkout": "chunk.d645b5dc669f807f085b.js",
    "admin": [
      "admin.4f130d5768f4a4c42fe9.js",
      "admin.4f130d5768f4a4c42fe9.js.map"
    ],
    "app-account": "chunk.eb29129959fe48211608.js",
    "app-confirmation": "chunk.7730d54e94d5527ee571.js",
    "app-order": "chunk.5dc6731545f9fb8808ce.js",
    "checkout": [
      "checkout.0bccbbb1b73a60d07660.js",
      "checkout.0bccbbb1b73a60d07660.js.map"
    ],
    "storefront": [
      "storefront.3df2a7ec5f14d7eb7d0b.css",
      "storefront.637cd78589c6338d5884.js",
      "storefront.3df2a7ec5f14d7eb7d0b.css.map",
      "storefront.637cd78589c6338d5884.js.map"
    ],
    "vendors~app-cart": "chunk.98bbab51a082066ce2ac.js",
    "vendors~app-checkout": "chunk.3497e05db271c8f2423f.js"
  }
}