{
  "description": {
    "title": "",
    "text": ""
  },
  "links_1": {
    "list_pages": true,
    "title": "Suporte",
    "list": []
  },
  "links_2": {
    "list_categories": false,
    "title": "Categorias",
    "list": [
      {
        "text": "Basic",
        "url": "https://www.popsockets.com.br/basic"
      },
      {
        "text": "Graphic",
        "url": "https://www.popsockets.com.br/graphic"
      },
      {
        "text": "Licenciados",
        "url": "https://www.popsockets.com.br/licenciados"
      },
      {
        "text": "Premium",
        "url": "https://www.popsockets.com.br/premium"
      },
      {
        "text": "Luxe",
        "url": "https://www.popsockets.com.br/luxe"
      },
      {
        "text": "PopWallet+",
        "url": "https://www.popsockets.com.br/popwallets"
      },
      {
        "text": "PopMount",
        "url": "https://www.popsockets.com.br/popmounts"
      }
    ]
  },
  "contacts": {
    "title": "Contatos",
    "phone_wpp": true,
    "socials": true,
    "email": true,
    "address": true
  },
  "stamps": [],
  "payment_methods": {
    "bb": false,
    "visa": true,
    "boleto": true,
    "aura": false,
    "banrisul": false,
    "elo": true,
    "hipercard": true,
    "hsbc": false,
    "bradesco": false,
    "santander": false,
    "mastercard": true,
    "citibank": false,
    "diners": true,
    "mais": false,
    "amex": true,
    "itau": false
  },
  "credits": ""
}