{
  "meta_title": "Popsockets Brasil, o Original Chegou!",
  "meta_description": "Conheça a Linha Completa em Popsockets.com.br e se Apaixone! Nunca Mais Deixe seu Telefone Escorregar da Mão e Cair. Produtos Licenciados Marvel, Disney, Star Wars e Harry Potter. Popsockets Brasil, o Original Chegou! ",
  "sections": [
    {
      "type": "banner-slider",
      "autoplay": 5000,
      "slides": [
        {
          "start": "",
          "end": "",
          "img": "https://i.imgur.com/UmSvzJ9.png",
          "link": "https://www.popsockets.com.br/popsockets",
          "mobile_img": "/img/uploads/ooriginal-banner-mobile.jpg"
        },
        {
          "start": "",
          "end": "",
          "img": "https://i.imgur.com/jBEwY2m.png",
          "alt": "Epelhinhoo2021",
          "mobile_img": "/img/uploads/banner-espelho-mobile.png",
          "link": "/popmirror"
        },
        {
          "start": "",
          "end": "",
          "img": "https://i.imgur.com/Tq4plCm.png",
          "link": "/popmounts",
          "mobile_img": "/img/uploads/banner-popmount-mobile2.png",
          "alt": "popmounts2021"
        },
        {
          "start": "",
          "end": "",
          "img": "https://i.imgur.com/xYBaeSZ.png",
          "link": "/ideais-para-presente",
          "mobile_img": "/img/uploads/banner-misticos-mobile.png",
          "alt": "OsMísticos2021"
        }
      ]
    },
    {
      "type": "collection-shelf",
      "shuffle": true,
      "limit": 20,
      "page": "",
      "title": "LANÇAMENTOS E TENDÊNCIAS",
      "sort": "news",
      "collection_id": "60ca2c23641ad82fcc2a0ba5:collections:Destaques Junho2021:/destaques-junho2021"
    },
    {
      "type": "custom-content",
      "markdown": "<div class=\"page-title container mt-4 mb-4 mb-lg-5\"><div class=\"collectionID\"><h2 class=\"my-0\">ESCOLHA SEU PREFERIDO</h2></div></div>"
    },
    {
      "type": "banners-grid",
      "banners": [
        {
          "img": "/img/uploads/pop-banner-basics.png",
          "link": "https://www.popsockets.com.br/basic"
        },
        {
          "img": "/img/uploads/pop-banner-graphic.png",
          "link": "https://www.popsockets.com.br/graphic"
        },
        {
          "img": "/img/uploads/pop-banner-licenciados.png",
          "link": "https://www.popsockets.com.br/licenciados"
        },
        {
          "img": "/img/uploads/pop-banner-premium.png",
          "link": "https://www.popsockets.com.br/premium"
        }
      ]
    },
    {
      "type": "banners-grid",
      "banners": [
        {
          "img": "/img/uploads/pop-banner-luxe.png",
          "link": "https://www.popsockets.com.br/luxe"
        },
        {
          "img": "/img/uploads/pop-banner-popwallets.png",
          "link": "https://www.popsockets.com.br/popwallets"
        },
        {
          "img": "/img/uploads/pop-banner-suportes.png",
          "link": "https://www.popsockets.com.br/popmounts"
        }
      ]
    },
    {
      "type": "collection-shelf",
      "shuffle": true,
      "collection_id": null,
      "title": "VOCÊ PODE GOSTAR",
      "page": ""
    },
    {
      "type": "custom-content",
      "markdown": "###### <div class=\"page-title container mt-4 mb-4 mb-lg-5\"><div class=\"collectionID\"><h2 class=\"my-0\">Coleções em destaque</h2></div></div>"
    },
    {
      "type": "banners-grid",
      "banners": [
        {
          "img": "/img/uploads/banner-2-botao.png",
          "link": "https://www.popsockets.com.br/licenciados"
        },
        {
          "img": "/img/uploads/banner-1-botao.png",
          "link": "https://www.popsockets.com.br/ideais-para-presente"
        }
      ]
    }
  ]
}